employee_id,age,department,salary,performance_score,attrition,years_at_company
EMP0001,61,Engineering,106990.56,3.4,No,1
EMP0002,22,HR,73522.38,2.3,No,12
EMP0003,45,Marketing,104787.42,4.1,Yes,25
EMP0004,46,Engineering,125460.17,3.0,No,15
EMP0005,55,Operations,70957.56,3.6,No,12
EMP0006,46,Operations,71421.61,3.4,No,5
EMP0007,27,Support,71075.37,2.4,No,21
EMP0008,36,Operations,81389.86,3.3,No,10
EMP0009,29,Sales,123895.35,2.7,No,30
EMP0010,42,Engineering,100877.26,3.0,No,4
EMP0011,62,Legal,131477.05,3.8,No,24
EMP0012,39,Engineering,147489.14,4.0,No,21
EMP0013,38,HR,72082.29,3.5,No,11
EMP0014,42,HR,70164.99,2.9,No,12
EMP0015,29,Sales,120647.86,3.0,No,29
EMP0016,59,Operations,93346.83,3.0,No,22
EMP0017,51,Legal,93216.6,2.0,No,1
EMP0018,53,Support,80837.53,3.6,No,17
EMP0019,37,HR,82265.1,2.3,No,22
EMP0020,34,HR,74662.69,3.6,No,11
EMP0021,42,Sales,96058.66,2.5,No,21
EMP0022,32,Engineering,132775.92,2.7,No,19
EMP0023,22,Legal,105234.98,4.0,No,10
EMP0024,53,Legal,84135.31,3.5,No,0
EMP0025,59,Support,56701.39,2.2,No,1
EMP0026,31,Engineering,134951.65,3.1,No,21
EMP0027,49,HR,85501.84,3.7,No,24
EMP0028,61,Operations,73348.19,3.1,No,11
EMP0029,54,Support,67599.04,3.3,No,14
EMP0030,58,HR,72246.13,3.7,No,15
EMP0031,61,Sales,112017.42,3.5,Yes,27
EMP0032,33,Support,75337.78,2.8,No,16
EMP0033,25,Engineering,130635.3,3.5,No,17
EMP0034,57,Operations,83983.37,3.3,No,17
EMP0035,56,Marketing,74811.7,4.7,Yes,4
EMP0036,30,Engineering,128642.12,3.4,No,21
EMP0037,61,Finance,133281.42,3.6,No,28
EMP0038,23,Marketing,70445.75,3.7,No,3
EMP0039,38,HR,59283.24,3.3,No,2
EMP0040,64,Sales,96718.58,3.0,No,15
EMP0041,37,Operations,85012.63,3.8,No,23
EMP0042,55,Marketing,64790.94,3.8,No,2
EMP0043,23,Sales,99792.09,5.0,No,23
EMP0044,43,HR,68155.96,4.0,Yes,7
EMP0045,56,Sales,85696.69,4.0,No,5
EMP0046,59,Finance,97271.3,4.0,No,5
EMP0047,41,Finance,112726.56,3.0,No,16
EMP0048,25,Legal,122690.82,2.6,No,18
EMP0049,45,Support,66501.22,2.8,No,14
EMP0050,54,Engineering,136059.12,4.0,No,18
EMP0051,41,Engineering,131521.56,4.5,No,24
EMP0052,64,HR,96857.79,4.0,No,25
EMP0053,35,Engineering,134259.03,3.4,No,22
EMP0054,58,Legal,121314.95,4.7,No,16
EMP0055,55,Legal,103338.88,3.2,No,6
EMP0056,40,HR,94186.22,2.7,No,23
EMP0057,26,Support,80718.24,3.7,Yes,20
EMP0058,37,Finance,124044.82,4.4,No,27
EMP0059,55,Finance,127427.22,2.9,No,22
EMP0060,61,Legal,96880.73,2.3,No,4
EMP0061,42,Finance,111595.72,3.5,No,17
EMP0062,34,Operations,103768.81,4.0,No,22
EMP0063,55,Sales,118709.56,1.4,No,30
EMP0064,63,Finance,99913.98,4.2,No,10
EMP0065,28,Legal,141586.56,2.5,No,26
EMP0066,36,Support,60089.71,4.0,No,8
EMP0067,56,Sales,85675.58,2.1,No,11
EMP0068,27,Engineering,147069.56,2.5,No,29
EMP0069,64,Finance,95022.82,3.9,No,5
EMP0070,32,Engineering,103330.64,4.4,No,6
EMP0071,43,Operations,98277.14,3.5,No,25
EMP0072,44,HR,101155.08,5.0,No,28
EMP0073,38,Legal,95952.56,2.8,No,3
EMP0074,27,Sales,117882.51,2.8,No,25
EMP0075,23,Engineering,129266.03,3.3,No,18
EMP0076,38,Sales,117625.19,3.3,Yes,27
EMP0077,33,Engineering,128381.48,3.7,No,15
EMP0078,61,Sales,105546.51,3.0,No,18
EMP0079,51,Legal,112460.52,3.9,Yes,7
EMP0080,26,Operations,79593.31,3.9,No,18
EMP0081,55,Finance,106725.82,4.6,No,12
EMP0082,49,HR,76320.66,3.2,No,12
EMP0083,27,Sales,84077.17,3.7,No,8
EMP0084,39,Legal,109613.0,3.9,No,12
EMP0085,54,Support,54482.72,3.5,Yes,5
EMP0086,50,Marketing,97862.06,3.4,Yes,26
EMP0087,47,Support,64966.92,2.1,No,12
EMP0088,43,Finance,110070.08,3.6,No,12
EMP0089,52,Marketing,106331.52,3.9,Yes,30
EMP0090,60,Sales,91957.46,3.5,Yes,15
EMP0091,29,Finance,117209.64,3.0,No,21
EMP0092,39,Engineering,147028.25,2.3,No,30
EMP0093,59,Marketing,102179.28,3.8,No,26
EMP0094,44,Operations,79716.08,3.5,No,10
EMP0095,29,HR,88126.73,4.5,No,16
EMP0096,27,Sales,102039.48,2.5,No,25
EMP0097,54,Sales,93448.08,3.2,No,15
EMP0098,43,Operations,81290.68,2.6,No,8
EMP0099,56,Legal,112905.81,4.2,Yes,16
EMP0100,27,Operations,71335.08,4.4,No,0
EMP0101,48,Sales,108685.23,4.8,No,27
EMP0102,47,Operations,91956.69,3.9,No,18
EMP0103,42,Marketing,76429.67,4.1,No,7
EMP0104,40,Finance,111093.74,3.8,No,14
EMP0105,33,Finance,93045.2,3.9,Yes,0
EMP0106,56,Support,76352.93,3.5,No,24
EMP0107,36,Legal,123782.5,3.9,No,16
EMP0108,40,Engineering,96373.19,5.0,No,0
EMP0109,59,Engineering,117669.9,3.7,No,14
EMP0110,49,Support,53352.06,3.5,No,2
EMP0111,23,Marketing,83279.48,3.6,Yes,12
EMP0112,24,Engineering,137340.95,3.4,No,26
EMP0113,45,Sales,103095.19,3.7,No,20
EMP0114,53,HR,82649.86,3.4,Yes,14
EMP0115,42,Support,71661.95,4.3,No,15
EMP0116,64,Support,74748.95,4.2,No,15
EMP0117,59,Operations,73669.63,5.0,No,3
EMP0118,41,Marketing,73144.87,3.5,No,6
EMP0119,32,Operations,95549.0,3.7,No,25
EMP0120,22,Legal,144593.79,3.7,No,28
EMP0121,23,HR,68908.54,3.6,No,4
EMP0122,48,Finance,132510.87,4.3,No,28
EMP0123,36,HR,57626.4,2.4,No,0
EMP0124,28,Legal,116146.41,3.8,No,16
EMP0125,25,Finance,130414.05,4.9,No,25
EMP0126,42,Engineering,96645.76,4.5,No,6
EMP0127,47,Legal,130500.15,4.4,No,29
EMP0128,23,Finance,139466.89,4.1,No,30
EMP0129,40,HR,75452.6,3.1,No,13
EMP0130,41,Sales,113222.69,3.0,No,27
EMP0131,24,Operations,75483.36,3.0,No,2
EMP0132,60,Engineering,120334.67,2.7,No,16
EMP0133,32,Sales,76612.03,4.2,No,9
EMP0134,27,Operations,88318.01,4.5,No,19
EMP0135,27,Marketing,74096.0,3.8,No,7
EMP0136,43,Operations,81773.2,4.1,No,13
EMP0137,53,Marketing,100610.16,3.7,No,22
EMP0138,33,Operations,74433.47,3.9,Yes,6
EMP0139,55,Operations,99031.26,2.0,No,26
EMP0140,33,Operations,97590.79,3.7,No,21
EMP0141,30,Operations,77453.5,3.2,No,7
EMP0142,50,Legal,125093.0,3.5,No,20
EMP0143,56,Marketing,83416.24,3.7,No,9
EMP0144,54,HR,74111.93,3.0,Yes,16
EMP0145,46,Engineering,134518.74,2.7,No,18
EMP0146,60,Marketing,102110.95,3.0,No,25
EMP0147,59,HR,68396.6,2.5,No,10
EMP0148,34,Legal,113116.81,2.7,No,14
EMP0149,49,Support,70707.7,2.8,No,13
EMP0150,25,Operations,94961.7,2.5,No,26
EMP0151,25,Sales,111492.99,3.9,No,26
EMP0152,41,Sales,85033.88,2.9,No,6
EMP0153,52,Finance,90222.19,2.2,Yes,3
EMP0154,47,HR,93637.03,3.2,No,29
EMP0155,29,Support,56880.48,2.7,No,5
EMP0156,54,Sales,73593.04,4.5,No,6
EMP0157,48,Finance,87656.72,3.6,No,3
EMP0158,55,Legal,91663.85,2.5,No,4
EMP0159,48,HR,63005.45,3.9,No,1
EMP0160,59,Sales,91573.44,3.6,Yes,18
EMP0161,37,Sales,94017.1,3.3,No,15
EMP0162,23,Finance,94064.35,4.6,No,2
EMP0163,48,Operations,96978.32,2.8,No,20
EMP0164,65,Operations,65272.79,4.2,No,5
EMP0165,26,Legal,115469.51,3.2,Yes,16
EMP0166,64,Support,79143.83,3.5,No,22
EMP0167,55,Sales,94240.22,3.0,No,13
EMP0168,23,HR,70083.99,3.0,No,9
EMP0169,45,Marketing,102287.65,3.2,No,27
EMP0170,35,Legal,133611.32,2.2,No,24
EMP0171,50,Engineering,135233.54,3.7,Yes,26
EMP0172,55,Operations,72826.65,3.6,Yes,4
EMP0173,38,Marketing,84295.36,2.5,No,8
EMP0174,43,Engineering,113954.44,4.0,Yes,11
EMP0175,23,Finance,86403.9,4.5,No,5
EMP0176,22,HR,82703.07,3.0,Yes,11
EMP0177,55,Operations,75197.15,3.0,No,7
EMP0178,37,HR,82904.8,4.3,No,14
EMP0179,60,Sales,95634.34,3.8,No,21
EMP0180,47,Engineering,111212.59,3.4,No,12
EMP0181,39,Sales,105750.61,4.1,No,22
EMP0182,60,HR,80777.82,3.7,No,11
EMP0183,24,Marketing,82753.81,4.5,No,15
EMP0184,58,Engineering,113490.99,3.5,No,10
EMP0185,25,Marketing,62783.89,3.8,No,2
EMP0186,63,Legal,86492.2,4.3,No,0
EMP0187,46,Legal,97714.88,1.8,No,5
EMP0188,42,Marketing,96284.03,4.3,No,19
EMP0189,50,Finance,79571.12,3.1,No,3
EMP0190,57,Sales,98761.99,3.8,No,14
EMP0191,34,HR,66107.25,4.7,No,4
EMP0192,26,Finance,110171.94,3.3,No,11
EMP0193,64,Engineering,113693.49,3.2,No,8
EMP0194,44,Legal,105061.5,3.5,No,6
EMP0195,34,Support,77701.48,2.5,No,15
EMP0196,62,Support,76171.93,5.0,No,27
EMP0197,23,Sales,101477.22,3.5,Yes,20
EMP0198,58,Support,54326.46,4.7,No,7
EMP0199,22,Engineering,143888.95,3.3,Yes,26
EMP0200,50,Support,84720.47,3.5,No,28
EMP0201,23,Sales,110756.68,4.2,No,23
EMP0202,28,Marketing,74248.7,2.7,No,6
EMP0203,36,Support,51176.07,3.4,No,5
EMP0204,30,Finance,136366.53,4.1,No,30
EMP0205,23,Sales,106619.16,3.4,No,27
EMP0206,51,Marketing,82790.6,3.2,No,13
EMP0207,55,Marketing,90398.66,4.3,No,14
EMP0208,36,Support,71068.15,4.5,No,16
EMP0209,52,HR,99651.01,4.6,No,27
EMP0210,36,Engineering,110413.91,3.0,No,9
EMP0211,31,Sales,107284.87,3.1,No,21
EMP0212,59,Finance,134371.74,3.2,No,29
EMP0213,45,Engineering,110679.22,4.0,No,9
EMP0214,22,Sales,78025.99,2.7,No,8
EMP0215,52,Finance,81350.32,2.7,No,4
EMP0216,39,Legal,121780.36,3.0,No,22
EMP0217,25,Engineering,111277.31,2.8,No,8
EMP0218,32,Marketing,63462.4,4.1,No,0
EMP0219,36,HR,72373.68,4.1,No,15
EMP0220,23,Legal,118503.12,3.2,No,17
EMP0221,54,Legal,91398.9,3.4,No,0
EMP0222,31,Support,76955.35,1.7,No,22
EMP0223,28,Finance,113755.65,3.2,No,17
EMP0224,30,Sales,91855.69,4.4,No,14
EMP0225,53,Support,59707.95,3.1,No,10
EMP0226,44,Legal,127369.53,2.7,No,19
EMP0227,57,Operations,94015.93,4.5,Yes,23
EMP0228,41,Marketing,98898.34,2.7,No,23
EMP0229,52,Legal,116789.23,4.6,No,12
EMP0230,42,HR,84559.5,5.0,No,15
EMP0231,48,Marketing,76595.67,3.4,No,7
EMP0232,60,Marketing,74524.72,4.4,No,6
EMP0233,49,Operations,97125.81,2.3,No,26
EMP0234,43,Finance,95293.67,2.3,No,12
EMP0235,60,Sales,89004.48,2.9,No,8
EMP0236,50,Marketing,94495.96,4.1,No,22
EMP0237,63,Sales,106513.09,3.5,No,21
EMP0238,50,Operations,75607.94,3.4,Yes,8
EMP0239,52,Marketing,81758.34,2.6,Yes,5
EMP0240,44,Legal,126847.42,3.4,No,19
EMP0241,59,Sales,116880.62,3.0,No,28
EMP0242,35,HR,63999.61,2.9,No,4
EMP0243,45,Engineering,101872.95,2.8,No,7
EMP0244,61,Engineering,148937.63,3.6,No,28
EMP0245,31,Engineering,127214.08,3.0,Yes,22
EMP0246,41,Engineering,126860.24,3.5,No,18
EMP0247,23,Support,56452.84,2.3,No,10
EMP0248,47,Marketing,82841.7,3.9,No,14
EMP0249,37,Finance,96478.46,3.7,No,5
EMP0250,46,Support,80649.83,3.3,No,25
EMP0251,32,HR,79790.2,3.6,No,15
EMP0252,58,HR,93360.04,4.2,No,24
EMP0253,65,Operations,97396.55,2.5,No,27
EMP0254,45,Operations,81033.31,3.5,No,3
EMP0255,48,Engineering,145904.19,2.6,No,26
EMP0256,42,Support,58408.39,3.6,No,9
EMP0257,35,Engineering,118376.83,3.3,No,10
EMP0258,42,Marketing,93240.93,3.5,No,14
EMP0259,43,Support,57488.91,4.1,No,9
EMP0260,56,Finance,94907.2,4.1,No,10
EMP0261,52,Finance,114597.73,4.3,No,21
EMP0262,36,Legal,102850.22,3.2,No,9
EMP0263,49,HR,84048.66,4.0,No,18
EMP0264,63,Finance,93854.35,3.9,Yes,10
EMP0265,40,Finance,99908.77,3.2,No,10
EMP0266,59,Engineering,101560.31,3.6,No,4
EMP0267,42,Marketing,104984.3,3.4,No,26
EMP0268,28,Legal,98458.91,4.5,No,3
EMP0269,30,Marketing,93127.72,4.1,No,17
EMP0270,35,Support,69280.87,3.3,No,8
EMP0271,47,Support,88670.62,3.2,No,30
EMP0272,61,Legal,94709.81,4.2,Yes,2
EMP0273,39,Engineering,114847.56,4.4,No,13
EMP0274,34,Legal,113622.51,3.7,No,15
EMP0275,50,Support,76056.67,4.0,Yes,30
EMP0276,35,Legal,97966.72,4.4,Yes,4
EMP0277,41,Operations,99156.81,3.4,No,25
EMP0278,31,Finance,92864.56,3.6,No,2
EMP0279,34,HR,73256.59,3.8,No,8
EMP0280,24,Sales,113269.94,3.2,No,25
EMP0281,47,HR,81012.5,4.7,No,11
EMP0282,43,Support,65579.52,3.2,Yes,18
EMP0283,29,Engineering,115209.68,3.5,No,12
EMP0284,55,Sales,110824.81,4.8,No,27
EMP0285,30,Legal,90069.63,2.2,No,2
EMP0286,51,Legal,142783.38,3.7,No,30
EMP0287,26,Finance,98406.29,3.0,No,7
EMP0288,23,Marketing,91864.62,3.5,No,18
EMP0289,27,Engineering,110201.55,2.7,No,8
EMP0290,45,Operations,91486.81,3.2,No,24
EMP0291,29,Finance,123232.21,3.5,No,21
EMP0292,36,Legal,99366.31,3.7,No,4
EMP0293,45,Marketing,73707.5,4.1,No,7
EMP0294,50,Legal,121333.86,1.9,No,21
EMP0295,56,Support,73751.22,3.4,No,15
EMP0296,39,Sales,105220.88,3.4,No,17
EMP0297,26,Legal,110973.55,3.5,No,11
EMP0298,65,Finance,117191.58,3.5,Yes,20
EMP0299,56,HR,101951.39,2.9,No,28
EMP0300,58,Sales,78671.75,2.4,No,3
EMP0301,62,Sales,101186.46,3.7,No,21
EMP0302,52,Engineering,154940.37,2.8,No,29
EMP0303,65,Marketing,72111.83,3.8,No,6
EMP0304,44,Finance,101945.97,2.8,Yes,12
EMP0305,46,Finance,115718.16,4.0,No,17
EMP0306,48,Support,77531.21,3.5,No,24
EMP0307,44,Operations,95486.4,3.5,Yes,21
EMP0308,41,Support,89166.65,3.3,No,30
EMP0309,36,Legal,112837.75,3.2,No,17
EMP0310,56,Finance,131094.76,3.3,No,27
EMP0311,36,Legal,128305.4,4.3,No,16
EMP0312,61,Legal,103217.23,2.4,No,9
EMP0313,54,Legal,122426.26,3.0,No,20
EMP0314,65,Sales,78075.06,4.2,No,12
EMP0315,50,Operations,91508.74,4.1,No,20
EMP0316,48,Sales,103703.04,4.4,No,20
EMP0317,36,Marketing,73612.77,3.5,No,2
EMP0318,52,Operations,80614.74,2.6,No,16
EMP0319,47,Finance,84956.43,2.7,No,0
EMP0320,39,Legal,112707.73,3.3,Yes,12
EMP0321,24,Operations,91260.54,4.0,No,20
EMP0322,22,Operations,85525.98,3.3,No,20
EMP0323,32,Sales,76706.54,3.3,No,3
EMP0324,52,Engineering,144127.18,3.8,No,28
EMP0325,62,Sales,94320.46,3.5,No,22
EMP0326,63,Marketing,83646.53,3.2,No,9
EMP0327,45,Legal,114100.18,2.8,No,13
EMP0328,59,Engineering,103659.48,4.2,No,3
EMP0329,22,Finance,101027.73,4.2,No,11
EMP0330,60,Legal,129132.71,2.8,No,20
EMP0331,64,Marketing,109830.64,3.2,No,27
EMP0332,39,Marketing,101249.94,4.0,No,18
EMP0333,24,Sales,87589.28,2.7,Yes,8
EMP0334,53,HR,98643.95,3.8,No,28
EMP0335,22,Finance,105300.58,3.3,No,16
EMP0336,50,Finance,123567.37,2.6,No,23
EMP0337,36,Legal,120686.69,4.7,No,21
EMP0338,45,Engineering,113705.62,3.3,No,12
EMP0339,62,Marketing,77775.29,3.9,No,0
EMP0340,28,Marketing,88724.83,2.7,No,19
EMP0341,23,HR,83767.04,4.6,No,27
EMP0342,47,Operations,102865.83,4.9,No,26
EMP0343,52,Engineering,141034.66,2.4,No,26
EMP0344,35,Marketing,85440.04,3.4,No,10
EMP0345,29,Engineering,142349.35,4.4,No,28
EMP0346,52,Finance,82870.43,3.2,No,0
EMP0347,52,Support,67339.41,3.8,No,9
EMP0348,63,Support,65149.9,2.3,No,19
EMP0349,60,Engineering,111253.67,2.9,No,9
EMP0350,54,Engineering,96456.52,3.7,No,0
EMP0351,22,Finance,89903.82,3.1,No,5
EMP0352,33,Marketing,108649.85,3.2,Yes,29
EMP0353,50,Sales,90798.24,2.4,No,13
EMP0354,42,Operations,74172.71,4.0,No,5
EMP0355,24,Marketing,103050.98,2.6,No,19
EMP0356,46,Finance,117076.05,4.6,No,11
EMP0357,55,Engineering,120116.65,3.0,No,12
EMP0358,53,Support,81608.03,4.1,Yes,29
EMP0359,62,Engineering,127604.59,4.0,No,16
EMP0360,28,Engineering,97638.79,2.8,No,2
EMP0361,63,HR,90023.09,3.1,Yes,29
EMP0362,45,Support,51767.05,3.2,No,0
EMP0363,35,Operations,97710.59,3.2,No,21
EMP0364,59,HR,58396.26,2.6,No,3
EMP0365,26,Marketing,73957.05,3.9,No,8
EMP0366,23,Sales,112290.24,3.0,Yes,30
EMP0367,54,Operations,73361.72,3.4,No,5
EMP0368,54,Finance,147885.0,4.2,No,30
EMP0369,25,Finance,96253.42,3.9,Yes,9
EMP0370,60,HR,76096.08,3.1,No,11
EMP0371,58,Marketing,107468.89,4.2,Yes,29
EMP0372,57,Sales,103613.77,4.0,No,23
EMP0373,39,Marketing,80001.49,3.0,No,9
EMP0374,63,Sales,101356.31,3.1,No,22
EMP0375,27,HR,93074.89,4.2,No,14
EMP0376,56,Marketing,75828.38,4.0,Yes,3
EMP0377,59,Legal,100319.28,2.4,Yes,7
EMP0378,44,Finance,102817.91,2.8,No,7
EMP0379,37,Marketing,88323.46,4.0,No,14
EMP0380,42,Engineering,146589.74,2.7,No,27
EMP0381,24,Engineering,126389.92,4.1,No,17
EMP0382,23,Engineering,103249.83,4.9,No,5
EMP0383,36,Marketing,86380.15,3.8,No,18
EMP0384,22,Marketing,81391.69,2.9,No,16
EMP0385,49,Engineering,119653.7,3.6,No,12
EMP0386,50,Operations,73139.59,4.2,No,7
EMP0387,59,Finance,126787.16,3.6,No,22
EMP0388,34,Support,65230.49,3.8,No,17
EMP0389,57,Support,60030.28,2.9,No,13
EMP0390,35,Engineering,110280.9,3.0,No,6
EMP0391,45,Operations,67423.31,4.1,No,3
EMP0392,57,Support,62518.67,3.0,No,6
EMP0393,37,Legal,124367.31,1.7,No,19
EMP0394,26,Operations,75687.61,3.3,No,1
EMP0395,57,Sales,78658.71,3.7,No,2
EMP0396,34,Support,85248.74,4.2,No,30
EMP0397,31,Legal,108399.63,4.7,No,8
EMP0398,52,Finance,88735.51,3.6,Yes,3
EMP0399,45,Support,73945.43,4.0,Yes,29
EMP0400,23,HR,78684.64,3.6,No,12
EMP0401,62,Finance,94707.95,3.7,No,0
EMP0402,44,Legal,100147.79,3.4,No,12
EMP0403,33,Operations,67345.72,3.8,No,0
EMP0404,25,Finance,92624.05,3.0,No,9
EMP0405,52,Legal,142083.48,4.9,No,29
EMP0406,55,Support,77357.3,1.8,No,24
EMP0407,54,Operations,84334.27,3.9,No,12
EMP0408,49,Support,63450.81,3.7,No,10
EMP0409,60,HR,91187.59,3.8,No,18
EMP0410,48,Finance,123132.0,2.7,No,19
EMP0411,32,Operations,93916.63,2.3,No,23
EMP0412,31,Finance,117671.96,3.9,No,16
EMP0413,38,Sales,73316.1,4.4,No,2
EMP0414,53,HR,91815.71,3.7,No,26
EMP0415,22,Sales,80378.08,4.1,No,10
EMP0416,35,Operations,104059.82,3.2,No,25
EMP0417,41,Legal,133499.87,3.7,No,25
EMP0418,47,Operations,60692.48,4.4,Yes,6
EMP0419,28,Legal,119710.33,3.3,Yes,15
EMP0420,26,Operations,92729.92,4.3,No,23
EMP0421,62,HR,74146.93,2.4,No,11
EMP0422,26,Engineering,139429.92,3.1,Yes,24
EMP0423,25,Engineering,123717.24,3.9,No,16
EMP0424,30,Support,94758.84,4.8,No,28
EMP0425,37,Legal,146913.53,3.5,No,27
EMP0426,31,Marketing,110935.86,2.8,No,29
EMP0427,57,Support,59446.62,4.8,No,6
EMP0428,27,Sales,109323.81,3.4,Yes,22
EMP0429,28,Legal,132618.3,4.0,No,23
EMP0430,27,Sales,94799.33,3.3,Yes,13
EMP0431,50,Operations,74291.11,3.6,No,5
EMP0432,60,Engineering,112741.72,3.1,No,9
EMP0433,29,Operations,89201.56,5.0,Yes,15
EMP0434,46,HR,92139.13,4.3,No,26
EMP0435,38,Finance,132892.27,4.7,No,28
EMP0436,49,Engineering,143302.81,2.9,No,28
EMP0437,50,Marketing,103120.14,2.2,No,29
EMP0438,34,Sales,63674.25,3.3,No,3
EMP0439,48,Finance,138282.84,5.0,No,30
EMP0440,24,Engineering,130957.6,3.3,No,17
EMP0441,43,Support,60547.1,4.2,Yes,3
EMP0442,64,Sales,72247.87,2.8,Yes,4
EMP0443,61,Finance,99099.54,2.9,No,7
EMP0444,24,Support,59276.45,3.4,Yes,7
EMP0445,24,HR,69407.91,5.0,No,3
EMP0446,58,Finance,100442.9,4.3,No,11
EMP0447,31,Support,66958.53,2.1,No,16
EMP0448,51,Engineering,104332.5,4.0,No,9
EMP0449,45,Finance,115415.4,2.7,Yes,20
EMP0450,39,Finance,122415.49,3.0,Yes,22
EMP0451,35,Operations,81470.63,3.9,No,12
EMP0452,54,Finance,79970.59,4.5,Yes,2
EMP0453,33,HR,70602.75,4.4,No,9
EMP0454,55,Finance,118101.58,3.7,Yes,19
EMP0455,32,Marketing,91360.22,3.7,No,12
EMP0456,60,Marketing,88254.94,4.4,No,18
EMP0457,52,Support,81490.32,2.4,No,26
EMP0458,45,Operations,93392.17,4.8,No,24
EMP0459,26,Operations,87471.12,3.0,No,19
EMP0460,31,Sales,70492.14,3.7,No,2
EMP0461,49,HR,85298.3,3.2,No,23
EMP0462,47,Sales,84026.04,2.7,No,10
EMP0463,26,Support,69720.06,3.8,Yes,12
EMP0464,26,Support,70065.15,3.7,No,21
EMP0465,48,Marketing,97446.31,3.4,No,25
EMP0466,38,HR,90325.64,3.4,No,22
EMP0467,42,Operations,76726.07,4.6,No,9
EMP0468,48,Sales,90378.78,5.0,Yes,13
EMP0469,59,Finance,104969.94,4.4,No,11
EMP0470,33,Sales,87112.11,3.7,No,14
EMP0471,52,Finance,119605.49,2.4,No,23
EMP0472,60,Operations,107631.25,3.9,No,29
EMP0473,62,Operations,79870.35,4.0,No,12
EMP0474,64,Engineering,116982.21,4.0,No,10
EMP0475,22,Marketing,110840.21,2.7,No,27
EMP0476,25,Marketing,77668.72,4.1,Yes,4
EMP0477,60,Operations,73751.06,4.6,No,12
EMP0478,31,Marketing,106857.51,2.8,No,29
EMP0479,34,HR,100684.16,4.0,No,27
EMP0480,42,Sales,110613.73,2.9,No,25
EMP0481,50,Marketing,105639.71,3.4,No,27
EMP0482,23,HR,62482.25,2.8,Yes,7
EMP0483,50,Sales,70357.4,3.3,No,1
EMP0484,26,Engineering,144746.64,3.3,No,26
EMP0485,38,Sales,86470.5,3.8,No,15
EMP0486,61,HR,74648.18,4.1,No,7
EMP0487,27,Sales,91571.97,4.4,No,14
EMP0488,24,Engineering,132601.74,3.0,No,25
EMP0489,42,Legal,114166.94,3.8,No,15
EMP0490,32,Support,70328.37,2.7,No,19
EMP0491,32,Finance,109850.63,3.4,No,15
EMP0492,40,Finance,115898.11,3.5,No,14
EMP0493,29,Sales,116652.3,2.9,Yes,29
EMP0494,22,Engineering,141372.72,3.9,No,28
EMP0495,62,Engineering,112252.46,3.4,No,13
EMP0496,57,Sales,106665.92,3.6,Yes,25
EMP0497,40,Engineering,137431.05,4.4,No,22
EMP0498,58,Operations,75161.92,3.2,No,4
EMP0499,65,Legal,145449.47,4.1,Yes,26
EMP0500,39,Operations,101221.11,4.5,No,21
EMP0501,28,Marketing,101148.25,4.5,No,26
EMP0502,30,Marketing,105312.76,3.4,No,24
EMP0503,64,Marketing,108208.14,2.8,No,28
EMP0504,61,Sales,89586.07,3.0,Yes,16
EMP0505,52,HR,53800.53,2.4,Yes,1
EMP0506,51,Finance,99320.54,4.0,No,8
EMP0507,35,Sales,70284.15,4.0,No,4
EMP0508,45,Marketing,73262.7,3.6,No,7
EMP0509,38,HR,79655.84,2.5,Yes,17
EMP0510,39,Engineering,153093.76,3.2,No,30
EMP0511,53,Finance,130503.11,4.5,No,23
EMP0512,45,Marketing,85743.72,3.9,No,13
EMP0513,40,Operations,81805.59,4.0,No,15
EMP0514,32,Legal,108457.67,5.0,No,16
EMP0515,50,Marketing,86611.87,3.7,No,12
EMP0516,41,Marketing,92622.81,2.0,No,18
EMP0517,24,Finance,131551.57,2.7,No,29
EMP0518,52,Engineering,106530.46,3.7,Yes,3
EMP0519,36,Sales,81885.98,3.5,No,11
EMP0520,40,Engineering,95375.59,3.4,No,2
EMP0521,65,Marketing,102134.86,3.4,No,26
EMP0522,52,Finance,92389.08,3.0,No,6
EMP0523,24,Sales,103553.77,3.8,No,20
EMP0524,54,Finance,90719.57,4.5,Yes,2
EMP0525,34,Operations,88454.85,4.7,No,14
EMP0526,55,Operations,102611.6,4.7,No,27
EMP0527,37,Finance,133723.13,2.8,Yes,29
EMP0528,47,Finance,90100.91,3.5,No,4
EMP0529,52,HR,89076.39,3.3,Yes,20
EMP0530,30,HR,69728.47,3.9,No,7
EMP0531,27,Legal,129836.14,3.4,No,22
EMP0532,52,HR,84388.42,3.3,No,16
EMP0533,25,Marketing,101332.78,4.5,No,24
EMP0534,58,Support,81622.98,3.6,No,27
EMP0535,41,Support,58445.39,3.6,No,10
EMP0536,26,Legal,98548.53,3.8,No,1
EMP0537,55,Legal,100666.64,4.0,No,9
EMP0538,61,HR,71635.99,4.0,Yes,6
EMP0539,24,Support,52690.8,4.6,No,3
EMP0540,63,Operations,99011.73,2.6,No,22
EMP0541,40,Support,84498.7,3.7,No,27
EMP0542,51,Engineering,125389.75,3.4,No,16
EMP0543,33,Engineering,133173.6,3.3,No,16
EMP0544,26,Engineering,128263.0,4.0,Yes,18
EMP0545,65,Support,84488.46,4.4,No,27
EMP0546,50,Marketing,64368.85,3.1,No,0
EMP0547,33,Engineering,127424.87,4.7,No,16
EMP0548,37,Legal,132137.7,2.5,No,26
EMP0549,55,Legal,99097.36,3.9,No,5
EMP0550,35,Support,69422.94,2.9,Yes,17
EMP0551,52,Finance,89392.79,3.1,Yes,0
EMP0552,23,Operations,94146.25,3.5,No,25
EMP0553,65,Finance,134366.75,3.2,No,20
EMP0554,53,Operations,95789.57,1.5,Yes,29
EMP0555,36,Finance,101464.75,3.9,No,9
EMP0556,46,Engineering,138238.95,4.0,No,22
EMP0557,29,Sales,107810.47,3.4,No,23
EMP0558,41,Support,49423.04,3.3,No,0
EMP0559,37,Engineering,139908.85,3.2,Yes,23
EMP0560,39,Engineering,133977.76,2.3,No,22
EMP0561,57,Legal,133565.7,2.2,No,19
EMP0562,40,Support,66504.46,4.1,No,17
EMP0563,22,HR,91019.9,4.2,No,24
EMP0564,41,Sales,73003.33,3.9,No,3
EMP0565,24,Finance,101398.68,3.8,Yes,12
EMP0566,43,Engineering,103194.57,4.0,No,8
EMP0567,51,Marketing,106720.33,4.0,No,26
EMP0568,26,Finance,90135.91,3.0,No,5
EMP0569,24,Support,49054.25,3.7,No,1
EMP0570,38,Engineering,143384.15,3.3,No,28
EMP0571,43,Finance,106921.92,3.3,No,12
EMP0572,24,Engineering,140708.37,4.3,No,24
EMP0573,36,HR,70811.29,4.6,No,7
EMP0574,56,Operations,88493.2,1.9,No,21
EMP0575,47,Engineering,150376.16,3.3,No,28
EMP0576,44,Operations,91588.26,3.3,No,23
EMP0577,26,Support,61710.91,4.3,No,9
EMP0578,57,Marketing,91781.33,2.5,No,18
EMP0579,48,Legal,126557.58,1.4,No,25
EMP0580,40,Finance,139343.92,4.1,No,26
EMP0581,49,Support,64233.94,4.2,No,9
EMP0582,28,Finance,97801.03,2.3,No,7
EMP0583,51,Legal,115090.18,3.4,No,13
EMP0584,35,Sales,92341.65,4.6,No,7
EMP0585,23,Marketing,103604.33,2.7,No,22
EMP0586,32,HR,86063.82,3.6,No,18
EMP0587,38,Support,63018.46,3.9,No,14
EMP0588,41,Operations,94747.29,2.5,No,25
EMP0589,32,Sales,71623.72,3.1,No,6
EMP0590,56,Support,76158.59,2.3,No,25
EMP0591,33,Finance,117209.19,3.4,No,17
EMP0592,27,HR,102368.14,2.9,No,30
EMP0593,31,HR,87400.73,3.6,No,18
EMP0594,39,Operations,92323.18,3.9,No,23
EMP0595,23,Support,59955.22,4.5,Yes,5
EMP0596,26,Finance,101020.92,5.0,No,7
EMP0597,28,Legal,109465.23,3.6,No,17
EMP0598,39,Operations,75622.11,3.3,No,7
EMP0599,63,Engineering,107305.25,3.2,No,1
EMP0600,47,Legal,111942.68,2.8,Yes,13
EMP0601,25,Finance,85990.9,3.8,Yes,8
EMP0602,25,Finance,114936.71,3.2,No,20
EMP0603,26,Finance,104827.3,3.9,No,17
EMP0604,24,Engineering,120328.2,2.8,No,15
EMP0605,44,Support,71879.67,3.2,No,25
EMP0606,54,Support,58734.28,3.8,No,2
EMP0607,41,Support,80852.57,3.4,Yes,24
EMP0608,39,Finance,110514.94,2.2,No,14
EMP0609,48,Sales,108371.16,3.5,No,21
EMP0610,37,Finance,124673.1,2.9,No,25
EMP0611,57,Marketing,80607.75,4.3,No,9
EMP0612,52,Finance,107872.06,4.2,No,7
EMP0613,65,Legal,134326.41,1.9,No,23
EMP0614,25,Sales,102273.98,4.1,No,19
EMP0615,41,HR,64362.28,3.8,No,5
EMP0616,59,HR,69837.13,2.5,No,8
EMP0617,51,Support,74025.22,4.1,No,26
EMP0618,56,Finance,122304.56,2.6,No,17
EMP0619,42,Marketing,98288.95,4.3,No,28
EMP0620,39,HR,92610.69,3.0,Yes,21
EMP0621,55,Marketing,79065.61,2.4,No,6
EMP0622,42,Sales,72623.18,5.0,Yes,6
EMP0623,39,Operations,108412.04,2.4,No,29
EMP0624,39,Legal,128306.51,2.9,No,22
EMP0625,27,Sales,91315.56,3.1,No,18
EMP0626,56,HR,88622.41,3.2,No,20
EMP0627,59,Legal,107487.58,4.0,No,12
EMP0628,23,Operations,75675.32,3.5,Yes,9
EMP0629,39,Engineering,139971.25,4.2,No,25
EMP0630,51,Engineering,141904.4,3.8,Yes,27
EMP0631,28,Engineering,142257.98,2.3,No,28
EMP0632,35,Finance,129784.17,3.9,No,24
EMP0633,64,Support,81704.38,3.7,No,27
EMP0634,56,Engineering,126703.31,3.1,No,16
EMP0635,60,Operations,74878.86,5.0,No,9
EMP0636,65,Operations,67856.48,3.9,No,2
EMP0637,51,Support,57679.73,4.2,No,9
EMP0638,34,Finance,103333.49,4.2,No,13
EMP0639,63,Support,62631.2,3.2,No,2
EMP0640,41,HR,78822.71,3.9,Yes,10
EMP0641,45,Marketing,103272.74,3.7,No,28
EMP0642,46,Support,52839.18,3.1,No,8
EMP0643,46,Finance,96894.57,2.6,No,12
EMP0644,46,Marketing,90669.12,3.5,No,19
EMP0645,56,Operations,100638.52,3.9,No,27
EMP0646,28,HR,97311.84,3.5,Yes,28
EMP0647,41,Operations,98241.6,3.4,No,25
EMP0648,47,Operations,71871.11,3.5,Yes,4
EMP0649,46,Engineering,95508.19,3.3,No,3
EMP0650,53,Finance,129938.76,4.6,No,22
EMP0651,36,Legal,137613.07,3.7,No,27
EMP0652,63,Operations,91174.21,3.2,No,19
EMP0653,22,Operations,98118.98,2.2,No,28
EMP0654,53,Support,74357.45,3.4,No,20
EMP0655,29,Marketing,91984.86,3.1,Yes,10
EMP0656,48,Operations,93853.32,3.1,Yes,26
EMP0657,23,Engineering,133122.03,4.2,No,23
EMP0658,32,Sales,83517.32,3.6,No,11
EMP0659,39,Operations,86734.23,2.3,No,18
EMP0660,26,Sales,93872.99,3.9,No,17
EMP0661,36,Legal,90196.7,2.4,No,3
EMP0662,49,Legal,104151.69,4.0,No,8
EMP0663,29,Support,67085.7,3.2,No,7
EMP0664,49,Engineering,109450.91,3.6,No,8
EMP0665,42,Marketing,89277.8,3.5,No,16
EMP0666,58,Finance,112214.71,3.4,No,15
EMP0667,50,Engineering,147638.32,3.6,No,26
EMP0668,41,Support,58866.14,3.6,Yes,0
EMP0669,58,Support,79200.21,4.8,No,25
EMP0670,29,Legal,102586.72,3.7,No,7
EMP0671,46,Marketing,76642.34,3.7,No,10
EMP0672,31,Engineering,106299.81,3.0,Yes,4
EMP0673,41,Legal,85777.42,3.8,Yes,0
EMP0674,42,Operations,64522.5,2.8,No,3
EMP0675,48,Support,59205.67,4.3,No,6
EMP0676,35,HR,83347.63,2.5,No,11
EMP0677,51,Sales,88592.28,2.9,No,9
EMP0678,29,Support,54932.34,2.4,No,3
EMP0679,29,Engineering,109092.05,3.8,No,10
EMP0680,26,Finance,99410.57,3.2,Yes,4
EMP0681,43,HR,87757.1,4.0,No,21
EMP0682,40,Finance,117548.97,2.8,Yes,20
EMP0683,58,HR,66015.83,3.9,No,1
EMP0684,36,Engineering,130759.75,3.9,No,20
EMP0685,47,Finance,128834.98,3.6,No,28
EMP0686,64,Sales,110474.53,3.5,No,29
EMP0687,49,Engineering,93601.19,3.6,No,1
EMP0688,59,HR,91083.16,2.9,No,28
EMP0689,44,Marketing,78125.39,2.7,No,12
EMP0690,30,Operations,104960.15,3.9,No,27
EMP0691,41,Marketing,79504.21,3.2,No,6
EMP0692,55,Finance,116586.01,3.8,No,21
EMP0693,27,HR,96202.01,4.6,No,24
EMP0694,43,Legal,105946.56,3.2,No,8
EMP0695,44,Engineering,135181.03,3.1,No,22
EMP0696,62,Engineering,98370.85,3.3,Yes,5
EMP0697,64,Legal,129507.24,3.5,No,21
EMP0698,48,Marketing,116766.9,3.9,No,29
EMP0699,31,Operations,76772.86,3.5,No,9
EMP0700,30,Finance,139293.26,5.0,No,29
EMP0701,48,Legal,124941.41,3.8,No,20
EMP0702,30,Operations,89109.17,4.0,Yes,15
EMP0703,51,Sales,85648.94,3.5,No,10
EMP0704,64,Finance,101873.36,4.2,No,17
EMP0705,30,Marketing,105191.32,3.4,No,30
EMP0706,62,HR,62661.3,3.0,No,0
EMP0707,23,Finance,134613.12,4.1,No,26
EMP0708,43,Engineering,101832.5,3.5,Yes,4
EMP0709,38,Engineering,146449.08,3.7,No,27
EMP0710,46,Operations,82863.66,4.2,No,16
EMP0711,43,Engineering,154104.63,3.6,No,27
EMP0712,46,Support,64703.45,3.4,No,5
EMP0713,27,Operations,62918.78,3.1,No,1
EMP0714,55,Legal,107617.95,4.2,No,14
EMP0715,63,HR,82724.01,3.3,No,24
EMP0716,42,Operations,99217.04,3.5,No,24
EMP0717,59,Sales,105796.1,3.7,No,23
EMP0718,27,Operations,92291.03,3.7,No,24
EMP0719,54,Marketing,101999.21,4.2,No,24
EMP0720,36,Legal,130648.38,3.5,No,26
EMP0721,51,Marketing,78774.62,4.5,No,5
EMP0722,47,Legal,100688.45,3.3,Yes,7
EMP0723,23,Support,46592.7,3.8,No,0
EMP0724,37,Engineering,117864.93,3.4,No,13
EMP0725,41,Engineering,108192.62,5.0,No,8
EMP0726,57,Marketing,95665.29,3.3,Yes,19
EMP0727,26,Finance,119729.99,3.3,No,17
EMP0728,63,Legal,127970.67,3.6,No,18
EMP0729,24,HR,87598.16,3.3,Yes,20
EMP0730,32,Legal,143064.05,3.7,No,30
EMP0731,28,Operations,66056.78,4.4,Yes,3
EMP0732,61,Operations,66559.9,3.6,No,8
EMP0733,46,Support,64383.93,3.6,No,12
EMP0734,53,Marketing,66464.94,3.3,Yes,2
EMP0735,52,Operations,103591.69,3.1,No,25
EMP0736,47,Legal,110596.4,3.6,No,12
EMP0737,35,Support,60935.43,3.5,No,5
EMP0738,27,Sales,92627.44,4.3,Yes,16
EMP0739,41,Legal,95622.59,2.8,Yes,5
EMP0740,40,Sales,92303.95,4.5,No,12
EMP0741,41,Support,73148.17,3.4,No,19
EMP0742,65,Finance,101911.04,3.6,No,9
EMP0743,27,Support,77531.1,2.8,No,25
EMP0744,50,Finance,100846.95,3.9,No,7
EMP0745,28,Engineering,103923.86,2.8,No,3
EMP0746,48,Marketing,74795.9,3.8,No,13
EMP0747,51,Finance,92212.73,3.7,Yes,5
EMP0748,23,Finance,125773.7,3.3,Yes,21
EMP0749,42,Finance,107102.33,2.1,No,16
EMP0750,36,Operations,61738.02,5.0,No,4
EMP0751,43,Finance,101306.09,2.8,Yes,10
EMP0752,43,Sales,112043.68,3.7,No,26
EMP0753,42,Engineering,140197.59,3.0,No,25
EMP0754,50,Marketing,100304.73,4.2,No,19
EMP0755,30,Sales,120098.11,3.2,No,27
EMP0756,59,Operations,59274.61,3.0,Yes,3
EMP0757,59,Support,72960.03,3.9,No,22
EMP0758,42,Support,40590.79,2.6,No,0
EMP0759,61,Finance,118905.05,3.2,No,18
EMP0760,34,Support,49640.72,4.0,No,1
EMP0761,31,Operations,75620.97,4.6,No,10
EMP0762,34,Sales,80620.46,2.8,No,2
EMP0763,56,Finance,90258.02,3.1,Yes,7
EMP0764,28,Finance,109402.19,3.7,No,19
EMP0765,35,Finance,114412.62,2.1,No,24
EMP0766,28,Legal,148552.64,4.5,No,29
EMP0767,41,Support,88391.09,2.8,No,30
EMP0768,35,Sales,76290.56,3.2,No,4
EMP0769,57,Engineering,141823.77,3.7,No,28
EMP0770,55,Operations,79570.49,3.5,No,8
EMP0771,60,Engineering,160073.38,2.8,Yes,27
EMP0772,40,HR,93061.56,4.7,Yes,26
EMP0773,45,Support,75105.48,1.7,No,28
EMP0774,59,Operations,90708.46,2.7,No,15
EMP0775,53,Support,70257.56,3.1,No,23
EMP0776,63,Engineering,117866.63,2.8,Yes,13
EMP0777,65,Operations,54406.45,4.4,No,2
EMP0778,25,Marketing,85523.63,2.3,No,14
EMP0779,32,Engineering,100008.56,4.6,No,6
EMP0780,53,Marketing,78374.16,3.3,No,3
EMP0781,26,Support,51279.28,2.5,Yes,4
EMP0782,25,HR,73339.05,2.0,No,6
EMP0783,28,Support,76435.31,3.3,No,24
EMP0784,25,Engineering,150726.82,3.0,No,29
EMP0785,51,Operations,101411.11,3.7,Yes,26
EMP0786,34,HR,85292.73,3.2,No,19
EMP0787,63,Marketing,101480.98,4.2,No,27
EMP0788,26,Finance,94539.87,3.4,No,8
EMP0789,42,Finance,135144.9,3.2,No,28
EMP0790,51,Engineering,140591.31,4.2,No,29
EMP0791,37,Operations,78590.82,3.7,No,4
EMP0792,53,Marketing,84979.11,4.0,No,12
EMP0793,58,Legal,102713.03,4.3,No,8
EMP0794,50,Sales,79090.42,3.3,No,4
EMP0795,48,Marketing,71828.51,3.5,No,5
EMP0796,47,Support,81269.76,4.1,No,29
EMP0797,65,Sales,73541.39,1.8,No,5
EMP0798,56,Sales,102675.43,3.4,No,20
EMP0799,24,Finance,130507.72,3.3,No,27
EMP0800,55,Operations,95837.34,3.8,No,23
EMP0801,29,Finance,116215.7,2.9,No,14
EMP0802,60,HR,57978.96,4.3,No,0
EMP0803,36,Engineering,117155.58,3.0,No,12
EMP0804,52,Marketing,70622.92,3.2,Yes,8
EMP0805,54,Engineering,147150.16,3.0,No,26
EMP0806,37,Legal,142112.58,4.4,Yes,29
EMP0807,64,Marketing,77606.73,2.0,Yes,7
EMP0808,45,Operations,69413.19,4.8,Yes,4
EMP0809,40,Marketing,99109.05,4.5,No,25
EMP0810,43,Finance,143380.14,3.1,No,27
EMP0811,35,Engineering,152191.08,4.2,No,30
EMP0812,26,Engineering,140182.58,3.6,Yes,23
EMP0813,65,Marketing,81342.9,4.7,No,14
EMP0814,57,Marketing,87385.53,4.2,No,11
EMP0815,57,Marketing,68742.67,5.0,No,1
EMP0816,62,Marketing,106949.07,2.4,No,27
EMP0817,48,Operations,108511.67,3.6,No,30
EMP0818,65,HR,96200.46,2.3,Yes,28
EMP0819,65,Sales,93095.03,3.1,No,17
EMP0820,32,Support,67401.32,5.0,No,26
EMP0821,41,Operations,63064.1,3.8,No,0
EMP0822,26,HR,73467.97,4.2,No,12
EMP0823,52,Finance,84384.73,3.9,Yes,3
EMP0824,26,Marketing,99745.43,3.8,No,18
EMP0825,55,HR,66913.83,3.1,No,0
EMP0826,57,Engineering,102950.8,3.0,No,9
EMP0827,40,Legal,114168.55,3.1,No,13
EMP0828,49,HR,62873.78,1.6,No,4
EMP0829,63,Operations,69433.97,3.4,No,2
EMP0830,55,Engineering,142301.77,3.7,No,27
EMP0831,41,Engineering,107505.02,3.1,No,8
EMP0832,61,Marketing,113615.2,3.4,No,30
EMP0833,23,Engineering,119996.7,3.9,No,11
EMP0834,31,Support,60587.4,4.1,No,1
EMP0835,36,Engineering,99614.76,2.7,Yes,3
EMP0836,38,Finance,113421.69,2.9,No,21
EMP0837,51,Marketing,72606.47,4.0,No,0
EMP0838,56,Sales,118395.44,3.9,No,29
EMP0839,24,Sales,85221.35,4.4,No,7
EMP0840,33,Marketing,88761.25,4.4,No,18
EMP0841,57,Engineering,114345.99,5.0,No,13
EMP0842,44,Finance,89379.82,3.3,No,1
EMP0843,35,Sales,97809.24,4.6,No,21
EMP0844,41,Engineering,93460.13,2.9,No,0
EMP0845,48,Engineering,155132.55,5.0,No,24
EMP0846,48,Support,78244.74,3.8,No,15
EMP0847,58,Sales,88923.45,3.9,Yes,9
EMP0848,65,Finance,130988.67,4.2,No,29
EMP0849,57,HR,65828.38,2.6,No,6
EMP0850,26,HR,75498.95,2.7,No,8
EMP0851,40,Legal,133484.95,3.6,No,20
EMP0852,43,Operations,75441.82,3.7,No,10
EMP0853,49,Finance,108216.0,5.0,No,15
EMP0854,64,Sales,106998.56,2.8,No,24
EMP0855,41,Legal,133455.17,4.6,No,28
EMP0856,37,Engineering,133808.05,3.3,No,24
EMP0857,61,Finance,82519.97,3.3,No,2
EMP0858,54,Finance,137030.29,3.4,No,29
EMP0859,42,Support,66879.97,3.3,No,13
EMP0860,62,Sales,113684.75,3.8,No,25
EMP0861,35,Marketing,70194.02,3.2,No,8
EMP0862,32,Engineering,121615.44,2.5,Yes,18
EMP0863,22,Sales,116038.61,3.3,No,29
EMP0864,25,Support,77799.85,3.8,No,29
EMP0865,60,Engineering,129002.84,2.5,No,20
EMP0866,25,Legal,129263.76,3.9,No,19
EMP0867,55,Support,49235.26,4.3,No,0
EMP0868,25,Engineering,127020.43,4.5,No,18
EMP0869,32,Marketing,84429.55,3.7,No,13
EMP0870,37,Support,51052.9,2.2,No,0
EMP0871,31,Operations,106124.68,4.0,No,29
EMP0872,27,Engineering,115549.98,4.2,No,14
EMP0873,65,Legal,130459.42,3.0,No,23
EMP0874,39,Legal,97611.86,3.4,No,1
EMP0875,40,Marketing,88183.76,3.8,No,7
EMP0876,55,HR,88696.81,4.8,No,27
EMP0877,62,Marketing,109095.03,3.3,No,29
EMP0878,35,Finance,84049.44,4.1,No,0
EMP0879,41,Legal,138106.03,3.7,No,27
EMP0880,43,Operations,72752.09,3.6,Yes,9
EMP0881,33,Support,62019.02,4.4,Yes,6
EMP0882,27,Engineering,155522.47,2.9,No,30
EMP0883,62,Support,81254.38,3.7,No,16
EMP0884,52,Support,70354.6,3.5,No,24
EMP0885,51,HR,58220.45,2.4,No,4
EMP0886,35,Sales,115393.66,4.4,No,23
EMP0887,51,Sales,87580.54,4.1,Yes,11
EMP0888,27,Support,72596.01,3.5,Yes,22
EMP0889,27,Engineering,133941.21,3.3,No,20
EMP0890,64,Engineering,89925.74,3.5,No,1
EMP0891,32,Engineering,148179.3,4.0,No,27
EMP0892,55,Sales,83118.69,3.5,No,8
EMP0893,34,Legal,115168.89,3.0,No,11
EMP0894,50,Engineering,144885.07,3.1,No,24
EMP0895,48,Support,84781.66,3.5,No,27
EMP0896,53,HR,96434.18,2.8,No,27
EMP0897,63,Finance,116821.73,3.7,No,14
EMP0898,40,Finance,104881.27,2.9,No,10
EMP0899,60,Legal,132334.4,2.8,No,25
EMP0900,35,Operations,71353.88,5.0,No,8
EMP0901,64,Engineering,127617.34,4.9,No,19
EMP0902,43,Legal,105544.15,3.6,No,7
EMP0903,59,Engineering,99741.9,4.1,No,6
EMP0904,58,Finance,112975.53,4.2,No,16
EMP0905,49,Legal,132635.63,3.4,No,26
EMP0906,64,Finance,94034.4,3.7,No,9
EMP0907,51,HR,83821.68,3.3,No,22
EMP0908,48,Marketing,67881.04,4.4,No,0
EMP0909,33,Legal,131618.87,4.4,No,21
EMP0910,38,Operations,77220.32,4.6,No,12
EMP0911,22,Legal,83220.11,3.7,No,2
EMP0912,53,Support,85451.67,5.0,No,17
EMP0913,48,Finance,102488.98,3.4,No,7
EMP0914,52,Marketing,98501.4,4.9,No,19
EMP0915,49,Finance,94839.39,3.2,No,1
EMP0916,32,Marketing,82061.85,2.6,No,10
EMP0917,65,Sales,81404.99,4.9,No,7
EMP0918,41,Marketing,87018.96,4.0,No,9
EMP0919,52,HR,68745.21,3.9,No,0
EMP0920,27,Sales,86595.93,3.2,No,8
EMP0921,48,Marketing,75132.49,2.9,No,2
EMP0922,39,Finance,111106.14,3.0,No,19
EMP0923,62,Sales,90872.65,3.6,No,14
EMP0924,55,Engineering,118719.07,3.4,No,8
EMP0925,63,Legal,128221.72,2.1,No,19
EMP0926,35,Legal,133089.9,4.7,No,28
EMP0927,51,Marketing,87104.49,3.2,No,16
EMP0928,49,Sales,91224.78,4.4,No,8
EMP0929,33,HR,79156.09,3.0,Yes,12
EMP0930,36,Sales,107469.45,3.6,No,24
EMP0931,51,Support,56179.8,4.2,No,3
EMP0932,28,Engineering,111682.19,4.1,No,9
EMP0933,39,Finance,106178.79,3.3,No,14
EMP0934,54,HR,81392.06,3.9,Yes,19
EMP0935,59,HR,88131.62,4.0,No,17
EMP0936,47,Legal,128987.73,3.4,No,21
EMP0937,51,Marketing,110975.27,2.7,Yes,29
EMP0938,58,Support,59933.44,3.1,No,5
EMP0939,32,Support,73603.58,3.2,No,14
EMP0940,51,HR,77913.21,3.5,No,11
EMP0941,54,HR,68598.05,4.6,No,2
EMP0942,57,Sales,77156.42,4.1,No,3
EMP0943,48,Legal,119462.78,2.9,No,19
EMP0944,28,Operations,83371.92,4.8,No,15
EMP0945,24,HR,76109.6,3.4,Yes,9
EMP0946,49,Operations,104788.36,4.0,No,28
EMP0947,34,Marketing,87495.14,2.8,No,9
EMP0948,38,Operations,86100.4,3.2,No,18
EMP0949,42,Legal,145129.99,4.2,No,30
EMP0950,54,HR,87394.23,2.9,No,21
EMP0951,37,Operations,101721.56,3.5,No,22
EMP0952,47,Finance,100482.24,3.8,No,8
EMP0953,43,Engineering,150177.97,2.8,No,28
EMP0954,24,Engineering,121421.7,2.3,Yes,14
EMP0955,52,Marketing,79114.66,4.1,No,9
EMP0956,45,Marketing,90676.65,5.0,No,22
EMP0957,31,Sales,88733.99,3.8,No,16
EMP0958,54,Support,57054.22,4.0,No,4
EMP0959,26,Finance,85270.75,2.9,No,0
EMP0960,33,Engineering,101622.12,4.5,No,3
EMP0961,32,Support,60866.95,3.2,No,4
EMP0962,50,Marketing,76624.7,4.3,No,6
EMP0963,65,Support,60658.44,3.9,No,10
EMP0964,59,Sales,81030.12,3.9,No,7
EMP0965,28,Engineering,147519.53,3.9,No,27
EMP0966,24,Sales,111859.99,3.9,No,29
EMP0967,56,HR,104521.97,3.7,Yes,30
EMP0968,47,Support,56103.63,4.2,No,4
EMP0969,37,Finance,113458.31,3.0,No,16
EMP0970,61,Sales,72237.17,3.3,Yes,3
EMP0971,29,Marketing,101884.38,4.5,No,21
EMP0972,27,HR,74154.83,3.6,No,4
EMP0973,43,Finance,91784.26,3.3,Yes,8
EMP0974,33,Legal,102804.45,4.2,No,6
EMP0975,32,Engineering,121060.44,4.1,No,14
EMP0976,49,Engineering,117320.18,2.6,No,11
EMP0977,35,Operations,88060.47,4.0,No,16
EMP0978,47,Engineering,95225.22,3.6,Yes,6
EMP0979,46,Operations,88297.43,4.0,No,15
EMP0980,56,Marketing,76281.99,3.5,No,2
EMP0981,64,HR,69364.02,3.8,No,1
EMP0982,49,Sales,73036.89,2.2,No,4
EMP0983,34,Legal,104245.14,2.9,Yes,8
EMP0984,47,Sales,103865.42,4.0,No,24
EMP0985,43,Engineering,104423.77,5.0,No,10
EMP0986,41,Finance,109097.31,3.8,No,16
EMP0987,37,Sales,96819.46,3.0,No,21
EMP0988,25,Sales,106792.63,3.6,No,23
EMP0989,32,Sales,89762.76,2.9,No,18
EMP0990,48,Operations,66602.26,4.4,No,5
EMP0991,25,Legal,123402.68,3.5,No,20
EMP0992,28,Support,65210.8,4.2,No,9
EMP0993,47,Support,84608.87,3.4,No,18
EMP0994,65,Sales,116715.45,4.3,No,30
EMP0995,29,Sales,69719.45,2.4,No,2
EMP0996,25,Sales,71484.5,3.5,No,2
EMP0997,37,Sales,85370.29,3.9,No,7
EMP0998,25,Engineering,112969.98,3.3,No,13
EMP0999,61,Finance,114283.6,3.8,No,14
EMP1000,56,Engineering,113467.05,3.7,No,9
